Name,EDIPI,Last Logon,Domain/Enclave
Hailey Donovan,5167627312,2025-09-06 02:14:22,DMZ-SERVERS (NIPR)
Daniel Nguyen,7973376561,2025-11-08 21:31:12,LAB.NET (DEV)
Chloe Burton,7917705615,2025-10-09 23:42:55,MACDC1.LOCAL (NIPR)
Brianna Turner,8447831885,2025-11-15 02:24:04,LAB.NET (DEV)
Ethan Grant,9673214390,2025-11-10 08:44:53,LAB.NET (DEV)
Jenna Donovan,2118680249,2025-11-06 02:05:04,JWICS.DOMAIN (JWICS)
Brian Ford,7691310330,2025-10-26 17:12:04,MACDC1.LOCAL (NIPR)
Ethan Freeman,5233466504,2025-09-05 02:03:13,JWICS.DOMAIN (JWICS)
Laura Reeves,6764170767,2025-10-15 20:53:24,TRAINING.LOCAL (NIPR)
Amelia West,7995028948,2025-10-18 08:26:19,TRAINING.LOCAL (NIPR)
Harper Turner,2090756768,2025-11-19 09:31:21,MACDC1.LOCAL (NIPR)
Emily Blake,6380113310,2025-11-20 23:37:11,JWICS.DOMAIN (JWICS)
Elijah Dalton,9942031872,2025-09-18 20:11:45,DMZ-SERVERS (NIPR)
Jenna Patton,4105827752,2025-11-15 09:51:09,OPS.SIPR.LOCAL (SIPR)
Jessica Turner,2501061968,2025-10-01 05:08:23,JWICS.DOMAIN (JWICS)
Tyler Jenkins,2500978139,2025-10-21 15:03:59,LAB.NET (DEV)
Allison Price,0286029358,2025-10-11 08:17:57,OPS.SIPR.LOCAL (SIPR)
Sydney Ellison,9013700022,2025-08-29 19:35:19,OPS.SIPR.LOCAL (SIPR)
Michael Parker,1443489695,2025-09-27 20:50:43,OPS.SIPR.LOCAL (SIPR)
Brian Carter,6282686557,2025-09-24 12:58:49,LAB.NET (DEV)
Hailey West,6940102137,2025-10-09 03:45:48,DMZ-SERVERS (NIPR)
Ethan Burton,4815149349,2025-10-10 20:01:05,DMZ-SERVERS (NIPR)
Ethan Stewart,9241224181,2025-10-12 19:29:16,DMZ-SERVERS (NIPR)
Maria Brooks,1391987893,2025-10-30 08:18:54,CORP.LOCAL (NIPR)
Samuel Parker,4612082000,2025-10-26 20:44:23,CORP.LOCAL (NIPR)
Allison Barnes,6113445510,2025-10-11 19:13:05,OPS.SIPR.LOCAL (SIPR)
Vanessa Lawrence,0794087416,2025-09-18 01:21:02,CORP.LOCAL (NIPR)
Brian Dalton,8223806139,2025-09-05 18:37:24,OPS.SIPR.LOCAL (SIPR)
Katie Gibson,1005239232,2025-11-03 18:16:53,OPS.SIPR.LOCAL (SIPR)
Natalie Barnes,8680020013,2025-10-02 19:21:21,DMZ-SERVERS (NIPR)
Hailey Owens,6979622006,2025-10-03 09:46:08,CORP.LOCAL (NIPR)
Sophia Reed,1668736305,2025-09-15 13:35:49,TRAINING.LOCAL (NIPR)
Trevor Grant,4449849980,2025-10-21 05:17:16,LAB.NET (DEV)
Allison Brooks,4219956015,2025-11-19 05:09:39,MACDC1.LOCAL (NIPR)
Erica Turner,0551473207,2025-11-24 05:30:33,OPS.SIPR.LOCAL (SIPR)
Ryan Sharp,3369544100,2025-11-08 17:54:02,TRAINING.LOCAL (NIPR)
Emily Fisher,9615430956,2025-09-25 09:51:31,MACDC1.LOCAL (NIPR)
Natalie Wallace,5738415205,2025-11-03 14:58:06,JWICS.DOMAIN (JWICS)
Emma McRae,6098607784,2025-11-22 22:06:31,OPS.SIPR.LOCAL (SIPR)
Rachel Martin,5635266660,2025-09-10 19:08:52,DMZ-SERVERS (NIPR)
Erica Barnes,8300593546,2025-10-30 08:27:01,CORP.LOCAL (NIPR)
Cameron Ford,4796220216,2025-09-24 14:20:40,OPS.SIPR.LOCAL (SIPR)
Cameron Jenkins,4456921444,2025-11-19 08:51:58,DMZ-SERVERS (NIPR)
Kayla Reed,5761844365,2025-10-26 22:49:17,DMZ-SERVERS (NIPR)
Ava Wallace,0919964306,2025-09-29 16:53:49,OPS.SIPR.LOCAL (SIPR)
Vanessa Patel,9716978330,2025-10-28 17:14:50,DMZ-SERVERS (NIPR)
Connor Ford,6830194871,2025-10-06 01:10:14,MACDC1.LOCAL (NIPR)
Jacob Freeman,4860552223,2025-10-04 07:40:26,MACDC1.LOCAL (NIPR)
Jenna Donovan,8395492077,2025-10-03 11:55:47,LAB.NET (DEV)
Gabrielle Whitaker,5315238501,2025-11-08 16:34:32,DMZ-SERVERS (NIPR)
Owen Jameson,5876264998,2025-10-02 15:02:21,CORP.LOCAL (NIPR)
Katie Bennett,2258777497,2025-11-13 10:10:14,CORP.LOCAL (NIPR)
Connor Rowe,8506639300,2025-10-25 22:02:06,TRAINING.LOCAL (NIPR)
Alyssa Howard,0296481202,2025-10-14 00:19:31,LAB.NET (DEV)
Derek Brooks,2471092095,2025-11-25 01:59:41,TRAINING.LOCAL (NIPR)
Samuel Foster,6327486706,2025-09-24 15:06:50,LAB.NET (DEV)
Brianna Alvarez,3254931177,2025-09-20 02:38:00,MACDC1.LOCAL (NIPR)
Sydney Nguyen,9313094063,2025-10-24 01:36:11,TRAINING.LOCAL (NIPR)
Logan Hill,2538199986,2025-11-15 13:38:47,TRAINING.LOCAL (NIPR)
Leon Harper,0135074763,2025-11-24 07:34:55,JWICS.DOMAIN (JWICS)
Ryan Howard,0937349115,2025-11-02 05:33:54,OPS.SIPR.LOCAL (SIPR)
Katie Ford,9501536828,2025-09-03 23:50:28,JWICS.DOMAIN (JWICS)
Patrick Collins,7076854470,2025-11-01 20:17:56,TRAINING.LOCAL (NIPR)
Erica Holmes,1284313137,2025-10-28 05:31:11,JWICS.DOMAIN (JWICS)
Monica Jennings,9753507946,2025-10-23 01:25:23,TRAINING.LOCAL (NIPR)
Noah Barnes,7102329332,2025-10-23 15:21:47,TRAINING.LOCAL (NIPR)
Ryan Donovan,2712478248,2025-09-10 10:28:03,OPS.SIPR.LOCAL (SIPR)
Owen Ramirez,0828823889,2025-09-01 15:15:45,CORP.LOCAL (NIPR)
Steven Harper,4639959725,2025-10-11 10:29:03,TRAINING.LOCAL (NIPR)
Jenna Stewart,3739643998,2025-10-31 01:13:05,MACDC1.LOCAL (NIPR)
Katherine Hayes,5584810671,2025-10-20 18:45:23,DMZ-SERVERS (NIPR)
Marcus Bennett,5968799050,2025-10-13 02:05:19,OPS.SIPR.LOCAL (SIPR)
James Douglas,1461819854,2025-11-20 08:39:04,MACDC1.LOCAL (NIPR)
Sydney Hughes,4141283145,2025-11-18 01:56:40,OPS.SIPR.LOCAL (SIPR)
Alex Stewart,5643298917,2025-11-14 11:12:55,OPS.SIPR.LOCAL (SIPR)
Sydney Collins,8733110345,2025-10-05 13:13:16,OPS.SIPR.LOCAL (SIPR)
Samuel Riley,5407459330,2025-10-26 03:36:26,JWICS.DOMAIN (JWICS)
Gabrielle Brooks,4536329829,2025-11-16 07:47:41,CORP.LOCAL (NIPR)
Ava Hughes,7312027931,2025-10-22 07:41:04,MACDC1.LOCAL (NIPR)
Ryan Hill,6026200405,2025-10-28 23:22:05,TRAINING.LOCAL (NIPR)
Steven Hargrove,0325201603,2025-11-19 03:45:25,LAB.NET (DEV)
Ella Turner,7863002922,2025-09-04 19:54:05,MACDC1.LOCAL (NIPR)
Amelia Monroe,9730675199,2025-10-23 08:58:39,CORP.LOCAL (NIPR)
Shawn Reeves,7709651449,2025-09-18 03:48:20,CORP.LOCAL (NIPR)
Ella McRae,8908333906,2025-09-08 14:42:45,LAB.NET (DEV)
Monica Hargrove,4787822583,2025-09-15 23:08:43,TRAINING.LOCAL (NIPR)
Phillip Reed,9430470046,2025-09-11 07:48:54,TRAINING.LOCAL (NIPR)
Cameron Jenkins,5684641975,2025-10-27 13:42:25,JWICS.DOMAIN (JWICS)
Monica Lawrence,5369804770,2025-09-25 15:21:11,TRAINING.LOCAL (NIPR)
Michelle Walker,6105474845,2025-08-30 16:33:59,TRAINING.LOCAL (NIPR)
Ryan Reeves,0431602050,2025-11-20 07:56:53,TRAINING.LOCAL (NIPR)
Ella Walker,6677356381,2025-11-26 05:27:37,JWICS.DOMAIN (JWICS)
Trevor Blake,9942206176,2025-09-23 23:59:26,CORP.LOCAL (NIPR)
Chloe Hill,6569551185,2025-10-30 06:44:52,DMZ-SERVERS (NIPR)
Brianna West,3545728848,2025-11-25 10:53:43,LAB.NET (DEV)
Samuel Carter,8561714727,2025-09-28 09:58:57,LAB.NET (DEV)
Jessica Fisher,5771883074,2025-09-12 10:39:56,JWICS.DOMAIN (JWICS)
Trevor Lawrence,3886713675,2025-11-22 12:23:36,TRAINING.LOCAL (NIPR)
Noah Thompson,1370197436,2025-08-30 12:09:47,OPS.SIPR.LOCAL (SIPR)
Michael Carter,4339202175,2025-09-20 13:13:27,TRAINING.LOCAL (NIPR)
Tanya Everett,5032970472,2025-10-31 19:34:56,CORP.LOCAL (NIPR)
Rachel McRae,5957273788,2025-11-17 14:19:30,DMZ-SERVERS (NIPR)
Vanessa Wallace,0565734226,2025-10-05 21:18:04,DMZ-SERVERS (NIPR)
Patrick Gibson,4136974129,2025-08-29 10:13:00,MACDC1.LOCAL (NIPR)
Amelia Whitaker,1621029478,2025-10-06 15:32:30,LAB.NET (DEV)
Noah Reeves,3439232189,2025-11-17 12:37:40,OPS.SIPR.LOCAL (SIPR)
Emily Foster,2161792411,2025-09-27 05:21:18,CORP.LOCAL (NIPR)
Katie Whitaker,0903649895,2025-11-26 10:18:31,TRAINING.LOCAL (NIPR)
Sierra Whitaker,0288462439,2025-10-02 23:08:51,OPS.SIPR.LOCAL (SIPR)
Connor Sullivan,5716171884,2025-09-10 08:59:56,LAB.NET (DEV)
Marcus Carter,6057796027,2025-11-03 17:35:34,JWICS.DOMAIN (JWICS)
Jenna Turner,2522983667,2025-11-25 02:20:12,DMZ-SERVERS (NIPR)
Victor Rowe,7391579550,2025-10-24 18:07:49,LAB.NET (DEV)
Jessica Hargrove,5415134434,2025-10-25 10:17:16,LAB.NET (DEV)
Alex Sullivan,7531368115,2025-09-01 01:40:46,MACDC1.LOCAL (NIPR)
Connor Whitaker,8280816157,2025-10-12 19:45:15,MACDC1.LOCAL (NIPR)
Alex Carter,9294800566,2025-10-22 05:23:53,JWICS.DOMAIN (JWICS)
Liam Donovan,5728992479,2025-09-17 19:15:20,TRAINING.LOCAL (NIPR)
Katie Fisher,0418733479,2025-10-17 12:49:28,OPS.SIPR.LOCAL (SIPR)
Jessica Hughes,4286293588,2025-10-09 23:44:33,JWICS.DOMAIN (JWICS)
Allison Tate,8782313352,2025-09-11 03:17:08,LAB.NET (DEV)
Brian West,5487383587,2025-11-08 21:25:21,MACDC1.LOCAL (NIPR)
Cameron Sanchez,7432906550,2025-09-18 02:34:57,CORP.LOCAL (NIPR)
Zachary Sanchez,3559497198,2025-10-01 14:26:42,TRAINING.LOCAL (NIPR)
Ava Monroe,2671145635,2025-09-10 02:05:45,CORP.LOCAL (NIPR)
Ella Foster,9366316417,2025-11-05 06:36:04,LAB.NET (DEV)
Kayla Ellison,9558402672,2025-10-29 15:49:29,JWICS.DOMAIN (JWICS)
Emily Holmes,1942213613,2025-11-03 13:05:42,JWICS.DOMAIN (JWICS)
Emma Jenkins,0876807348,2025-09-22 01:23:52,LAB.NET (DEV)
Katie Turner,4297515597,2025-10-12 21:44:10,OPS.SIPR.LOCAL (SIPR)
Erica Martin,4895347964,2025-11-04 09:39:22,DMZ-SERVERS (NIPR)
Amelia Ellison,3644683619,2025-11-12 12:31:53,TRAINING.LOCAL (NIPR)
Shawn Ford,0221861162,2025-10-30 03:41:39,TRAINING.LOCAL (NIPR)
Connor Carter,9846535586,2025-10-01 13:00:27,LAB.NET (DEV)
Daniel Foster,7777789387,2025-11-25 10:02:20,OPS.SIPR.LOCAL (SIPR)
Chloe Hargrove,5302270876,2025-10-18 14:18:18,OPS.SIPR.LOCAL (SIPR)
Samuel Jenkins,7400526501,2025-09-11 14:21:16,DMZ-SERVERS (NIPR)
Erica Brooks,5621174312,2025-11-10 01:33:51,OPS.SIPR.LOCAL (SIPR)
Allison Ford,8595473145,2025-11-02 21:50:56,JWICS.DOMAIN (JWICS)
Hailey Walker,2027685340,2025-09-10 19:07:57,LAB.NET (DEV)
Cameron Bennett,3168078418,2025-10-08 00:49:35,MACDC1.LOCAL (NIPR)
Trevor Rowe,9738726998,2025-09-04 10:20:46,LAB.NET (DEV)
Jenna Collins,3398792602,2025-10-25 18:03:41,LAB.NET (DEV)
Laura Owens,3715954624,2025-11-21 02:30:58,TRAINING.LOCAL (NIPR)
Ethan West,7524976178,2025-09-01 17:34:58,DMZ-SERVERS (NIPR)
Tyler Reeves,0992288867,2025-11-16 06:07:21,CORP.LOCAL (NIPR)
Emma Dalton,8358070332,2025-10-18 21:13:41,CORP.LOCAL (NIPR)
Cameron Ellison,6291614142,2025-10-22 04:45:40,TRAINING.LOCAL (NIPR)
Katie Grant,2888460862,2025-08-29 05:32:20,JWICS.DOMAIN (JWICS)
Steven Hargrove,6706234740,2025-09-14 08:50:52,MACDC1.LOCAL (NIPR)
Rachel Reeves,9142027851,2025-09-29 20:26:05,TRAINING.LOCAL (NIPR)
Katie Douglas,0055553374,2025-10-16 01:02:51,OPS.SIPR.LOCAL (SIPR)
Sierra Collins,1983643604,2025-09-08 11:04:18,JWICS.DOMAIN (JWICS)
Ella Burton,7298471228,2025-10-22 06:06:18,TRAINING.LOCAL (NIPR)
Jacob Collins,3215935335,2025-11-19 09:40:05,LAB.NET (DEV)
Ryan Martin,3323913351,2025-08-30 01:17:39,DMZ-SERVERS (NIPR)
Katie Ellison,1587841719,2025-10-20 08:33:12,CORP.LOCAL (NIPR)
Katherine Ford,4063645681,2025-08-30 17:44:02,DMZ-SERVERS (NIPR)
Sydney Freeman,6980102413,2025-10-06 09:18:54,DMZ-SERVERS (NIPR)
Ryan Everett,8474268795,2025-10-26 09:04:03,CORP.LOCAL (NIPR)
Alex Sanchez,6886611418,2025-10-31 22:05:41,MACDC1.LOCAL (NIPR)
Tyler Delaney,4701619063,2025-10-06 18:02:38,JWICS.DOMAIN (JWICS)
Samuel Burton,3430282452,2025-10-24 22:04:43,TRAINING.LOCAL (NIPR)
Owen Hargrove,2982474942,2025-09-18 22:20:23,TRAINING.LOCAL (NIPR)
Logan Sharp,8397334137,2025-11-04 21:27:21,MACDC1.LOCAL (NIPR)
Jordan Donovan,6236767316,2025-09-14 06:18:01,CORP.LOCAL (NIPR)
Phillip Grant,4739858069,2025-11-12 00:37:29,OPS.SIPR.LOCAL (SIPR)
Natalie Ford,2143461107,2025-08-30 05:40:02,LAB.NET (DEV)
Derek Tate,1533313892,2025-10-22 12:09:51,JWICS.DOMAIN (JWICS)
Tyler Patton,4264723596,2025-11-12 10:43:37,LAB.NET (DEV)
Emma Barnes,6593211608,2025-09-18 07:34:53,LAB.NET (DEV)
Owen Sharp,7272865439,2025-10-31 22:23:44,TRAINING.LOCAL (NIPR)
James West,7406662664,2025-10-22 21:24:45,DMZ-SERVERS (NIPR)
Noah Everett,3300566797,2025-10-01 19:51:45,JWICS.DOMAIN (JWICS)
Emily Rowe,5992006978,2025-11-10 06:05:38,TRAINING.LOCAL (NIPR)
Kayla Jennings,7145105549,2025-11-10 16:13:21,MACDC1.LOCAL (NIPR)
Katie Fisher,7225741944,2025-11-08 15:09:22,LAB.NET (DEV)
Samuel Price,1751610903,2025-09-13 12:46:09,CORP.LOCAL (NIPR)
Michael Patton,3852907199,2025-09-23 08:19:30,DMZ-SERVERS (NIPR)
Owen Reeves,7254244611,2025-09-28 18:28:37,JWICS.DOMAIN (JWICS)
Marcus Freeman,4033603390,2025-09-03 10:56:51,LAB.NET (DEV)
Monica Grant,8897750329,2025-09-12 03:13:36,DMZ-SERVERS (NIPR)
Ethan Sharp,2539714042,2025-09-01 06:23:53,JWICS.DOMAIN (JWICS)
Chloe Stewart,6724312396,2025-11-25 16:15:40,MACDC1.LOCAL (NIPR)
Laura Dalton,4974298944,2025-10-05 13:43:38,CORP.LOCAL (NIPR)
Emma Grant,1131614112,2025-10-09 14:24:15,TRAINING.LOCAL (NIPR)
Victor Ford,1004822242,2025-09-17 15:57:40,TRAINING.LOCAL (NIPR)
Ava Delaney,8617984539,2025-09-16 01:20:09,OPS.SIPR.LOCAL (SIPR)
Olivia Blake,4904085746,2025-10-02 14:25:06,TRAINING.LOCAL (NIPR)
Jacob Turner,0098441891,2025-08-30 13:38:39,MACDC1.LOCAL (NIPR)
Zachary Dalton,5676159162,2025-10-07 06:50:52,CORP.LOCAL (NIPR)
Patrick Fisher,3705391603,2025-09-03 06:39:21,DMZ-SERVERS (NIPR)
Daniel Dalton,3087169115,2025-09-05 03:25:39,DMZ-SERVERS (NIPR)
Ava Sharp,5466106512,2025-09-04 01:06:01,CORP.LOCAL (NIPR)
Zachary Collins,6894493348,2025-11-12 07:58:09,DMZ-SERVERS (NIPR)
Zachary Whitaker,8008553804,2025-10-14 03:09:13,MACDC1.LOCAL (NIPR)
Derek Alvarez,6261501092,2025-11-13 05:38:47,TRAINING.LOCAL (NIPR)
Maria Nguyen,8031134378,2025-11-25 23:25:02,OPS.SIPR.LOCAL (SIPR)
Michael Grant,0158056723,2025-09-19 22:02:25,LAB.NET (DEV)
Derek Hayes,2284747541,2025-11-17 06:39:17,LAB.NET (DEV)
Jordan Turner,6301244621,2025-10-12 13:38:43,MACDC1.LOCAL (NIPR)
Ethan Sanchez,9366344476,2025-11-02 08:23:16,JWICS.DOMAIN (JWICS)
Michelle Turner,1787066799,2025-09-19 18:10:54,LAB.NET (DEV)
Alyssa Everett,4396839742,2025-09-07 21:10:17,JWICS.DOMAIN (JWICS)
Michael Monroe,0294881594,2025-10-25 20:51:35,OPS.SIPR.LOCAL (SIPR)
James Bennett,2603686822,2025-11-09 02:06:40,DMZ-SERVERS (NIPR)
Tanya Blake,9023024573,2025-11-20 04:54:18,LAB.NET (DEV)
Tyler Dalton,1504197634,2025-10-21 01:29:33,TRAINING.LOCAL (NIPR)
Patrick Holloway,2004031899,2025-10-22 05:23:28,DMZ-SERVERS (NIPR)
Tanya Sanchez,4995284413,2025-11-17 20:35:35,DMZ-SERVERS (NIPR)
Katie Barnes,6809280864,2025-09-25 21:01:13,JWICS.DOMAIN (JWICS)
Katherine Monroe,6268566879,2025-10-09 13:05:09,MACDC1.LOCAL (NIPR)
Alyssa Martin,1065334944,2025-10-13 01:39:07,CORP.LOCAL (NIPR)
Alex Riley,5535375582,2025-09-20 01:46:32,LAB.NET (DEV)
Elijah Freeman,2858748525,2025-10-23 17:56:44,LAB.NET (DEV)
Emily Monroe,2534201857,2025-11-19 22:25:32,MACDC1.LOCAL (NIPR)
Samuel Turner,1854320829,2025-11-15 11:22:37,OPS.SIPR.LOCAL (SIPR)
Patrick Bradford,7166787962,2025-11-12 07:04:17,OPS.SIPR.LOCAL (SIPR)
Laura Barnes,5130064600,2025-11-13 01:05:16,OPS.SIPR.LOCAL (SIPR)
Jordan Foster,9940852082,2025-10-28 13:29:13,DMZ-SERVERS (NIPR)
Isaac Reed,2600299756,2025-10-05 16:20:51,LAB.NET (DEV)
Olivia Dalton,4820604741,2025-09-25 06:22:19,MACDC1.LOCAL (NIPR)
Jacob Dalton,4480736429,2025-11-11 15:43:25,LAB.NET (DEV)
Maria Fisher,0497781643,2025-10-27 19:46:57,OPS.SIPR.LOCAL (SIPR)
Liam Freeman,6466348222,2025-11-04 02:21:48,CORP.LOCAL (NIPR)
Monica Price,1022072289,2025-08-29 03:31:50,MACDC1.LOCAL (NIPR)
Olivia Harper,5711691882,2025-10-10 22:49:50,MACDC1.LOCAL (NIPR)
Victor Stewart,1126762257,2025-08-31 22:17:30,OPS.SIPR.LOCAL (SIPR)
Michael Hayes,4293116431,2025-10-21 13:27:50,JWICS.DOMAIN (JWICS)
Alyssa Sanchez,9894552100,2025-09-08 12:30:00,TRAINING.LOCAL (NIPR)
Samuel Hughes,2816671177,2025-11-02 05:49:33,LAB.NET (DEV)
Kayla Matthews,9854967204,2025-09-05 11:21:51,LAB.NET (DEV)
Mason Holmes,9226599743,2025-09-07 18:23:33,CORP.LOCAL (NIPR)
Michelle Parker,1324635612,2025-10-30 11:15:26,TRAINING.LOCAL (NIPR)
Ryan Parker,9236939509,2025-11-01 08:28:34,DMZ-SERVERS (NIPR)
Tyler Dalton,2821047408,2025-10-01 03:27:55,OPS.SIPR.LOCAL (SIPR)
Samuel Donovan,3454422049,2025-11-20 09:36:46,OPS.SIPR.LOCAL (SIPR)
Laura Wallace,6753849115,2025-08-30 06:06:28,TRAINING.LOCAL (NIPR)
Monica Carter,3215060382,2025-10-24 09:03:11,CORP.LOCAL (NIPR)
Logan Parker,5169887046,2025-10-22 21:47:23,CORP.LOCAL (NIPR)
Gabrielle Martin,1511914138,2025-09-30 04:33:12,TRAINING.LOCAL (NIPR)
Jessica Blake,5424662322,2025-10-18 03:42:44,CORP.LOCAL (NIPR)
Steven Collins,7844674795,2025-11-23 22:33:20,DMZ-SERVERS (NIPR)
Vanessa Reed,8944713874,2025-09-25 07:27:06,LAB.NET (DEV)
Jenna Alvarez,7859705055,2025-09-26 07:56:48,DMZ-SERVERS (NIPR)
Marcus Sullivan,6762638296,2025-08-30 04:15:33,DMZ-SERVERS (NIPR)
Henry Jenkins,4310727768,2025-10-16 05:40:35,CORP.LOCAL (NIPR)
Kayla Sullivan,8518572931,2025-11-25 06:43:12,OPS.SIPR.LOCAL (SIPR)
Chloe Blake,0640336204,2025-09-15 04:13:32,OPS.SIPR.LOCAL (SIPR)
Chloe Donovan,7669557889,2025-10-18 14:06:34,DMZ-SERVERS (NIPR)
Shawn Burton,2847492091,2025-09-11 01:15:09,OPS.SIPR.LOCAL (SIPR)
Maria Brooks,1875953131,2025-08-31 07:52:55,MACDC1.LOCAL (NIPR)
Mason Hughes,1100154290,2025-10-17 22:45:31,OPS.SIPR.LOCAL (SIPR)
Maria Nguyen,6137942870,2025-09-28 08:48:31,LAB.NET (DEV)
Ava Bennett,6685951363,2025-09-12 13:47:55,JWICS.DOMAIN (JWICS)
Natalie Harper,1534281908,2025-10-18 17:04:44,OPS.SIPR.LOCAL (SIPR)
Phillip Delaney,3582615477,2025-10-13 18:50:51,OPS.SIPR.LOCAL (SIPR)
Ella Harper,9126186487,2025-09-23 22:06:34,DMZ-SERVERS (NIPR)
Sydney McRae,2798921962,2025-11-04 15:09:33,OPS.SIPR.LOCAL (SIPR)
Alex Dalton,2424464075,2025-10-07 02:37:43,LAB.NET (DEV)
Jessica Bradford,3710251496,2025-10-26 12:01:03,LAB.NET (DEV)
Jordan Freeman,3015966995,2025-11-13 22:05:30,DMZ-SERVERS (NIPR)
Leon Howard,5227352079,2025-09-13 02:53:26,DMZ-SERVERS (NIPR)
Logan Walker,4833533489,2025-09-24 15:48:58,LAB.NET (DEV)
Leon Monroe,3950415758,2025-09-15 15:22:14,OPS.SIPR.LOCAL (SIPR)
Erica Harper,4205817286,2025-10-21 03:30:22,MACDC1.LOCAL (NIPR)
Trevor Hargrove,7541833644,2025-09-22 09:33:44,OPS.SIPR.LOCAL (SIPR)
Logan West,6783272084,2025-11-15 07:39:37,CORP.LOCAL (NIPR)
Leon Sharp,4435089857,2025-10-08 00:14:55,OPS.SIPR.LOCAL (SIPR)
Natalie Ford,3604607421,2025-09-25 22:52:40,JWICS.DOMAIN (JWICS)
Shawn Price,9704705932,2025-09-28 11:11:14,OPS.SIPR.LOCAL (SIPR)
Liam Bradford,2379013140,2025-10-19 08:32:07,MACDC1.LOCAL (NIPR)
Jacob Wallace,3713309481,2025-10-07 13:09:56,MACDC1.LOCAL (NIPR)
Henry Freeman,9420376192,2025-10-05 13:17:36,LAB.NET (DEV)
Daniel Thompson,6863947773,2025-11-18 19:57:46,OPS.SIPR.LOCAL (SIPR)
Katie Rowe,8165431327,2025-09-08 09:48:02,JWICS.DOMAIN (JWICS)
Trevor Burton,9270721358,2025-09-05 07:15:00,LAB.NET (DEV)
Rachel Owens,1492139700,2025-11-15 02:48:27,CORP.LOCAL (NIPR)
Chloe Alvarez,8959311971,2025-09-01 14:12:41,CORP.LOCAL (NIPR)
Shawn Ford,3443846201,2025-09-10 02:49:06,TRAINING.LOCAL (NIPR)
Noah Patton,3188538505,2025-10-04 17:06:26,MACDC1.LOCAL (NIPR)
Ava Stewart,7587304313,2025-10-26 05:40:37,MACDC1.LOCAL (NIPR)
Emma Wallace,8591831593,2025-08-28 15:26:30,OPS.SIPR.LOCAL (SIPR)
Phillip Wallace,2251201030,2025-09-07 07:15:07,DMZ-SERVERS (NIPR)
Trevor Jennings,1095972435,2025-10-31 07:54:18,TRAINING.LOCAL (NIPR)
Katherine Matthews,2136637796,2025-09-08 00:15:24,JWICS.DOMAIN (JWICS)
Logan Reed,7471350740,2025-11-08 04:55:48,OPS.SIPR.LOCAL (SIPR)
Tanya Tate,6647036269,2025-11-25 19:52:51,OPS.SIPR.LOCAL (SIPR)
Derek Barnes,5985019076,2025-09-10 15:08:55,TRAINING.LOCAL (NIPR)
Derek Stewart,6379810730,2025-11-13 15:04:48,JWICS.DOMAIN (JWICS)
Kayla Patel,5531122402,2025-10-15 21:20:19,DMZ-SERVERS (NIPR)
Zachary Price,1175221744,2025-09-08 08:52:50,JWICS.DOMAIN (JWICS)
Ava Burton,6049239259,2025-10-10 09:31:21,OPS.SIPR.LOCAL (SIPR)
Alyssa Matthews,2928599264,2025-11-20 20:08:27,JWICS.DOMAIN (JWICS)
Phillip Kirk,2711929063,2025-09-05 15:34:05,JWICS.DOMAIN (JWICS)
Jacob Hayes,5156436456,2025-10-02 07:25:06,JWICS.DOMAIN (JWICS)
Alyssa Hill,5507058925,2025-10-13 20:04:29,TRAINING.LOCAL (NIPR)
Samuel Dalton,0657429152,2025-09-12 20:14:00,OPS.SIPR.LOCAL (SIPR)
Natalie Parker,9933835806,2025-10-15 17:48:54,CORP.LOCAL (NIPR)
Brianna Douglas,2508986397,2025-11-21 16:08:48,LAB.NET (DEV)
Ava West,0967825719,2025-09-03 05:57:58,OPS.SIPR.LOCAL (SIPR)
Jordan Hayes,0556459185,2025-09-29 18:44:56,CORP.LOCAL (NIPR)
Samuel Thompson,7936838641,2025-08-31 16:09:43,DMZ-SERVERS (NIPR)
Brianna Harper,3214905986,2025-09-30 22:53:11,TRAINING.LOCAL (NIPR)
Tyler Holloway,3507197359,2025-09-06 02:01:16,DMZ-SERVERS (NIPR)
Olivia Blake,0954901000,2025-09-14 17:31:10,MACDC1.LOCAL (NIPR)
Katherine Alvarez,7449693117,2025-09-01 10:14:19,JWICS.DOMAIN (JWICS)
Mason Collins,6173372814,2025-10-28 18:03:29,MACDC1.LOCAL (NIPR)
Daniel Jameson,0955974078,2025-09-01 23:36:01,DMZ-SERVERS (NIPR)
Liam Hayes,6858249531,2025-11-09 07:26:35,LAB.NET (DEV)
Erica Nguyen,8233888640,2025-09-01 09:46:40,TRAINING.LOCAL (NIPR)
Samuel Delaney,0492960174,2025-11-10 04:54:46,LAB.NET (DEV)
Marcus Fisher,0506152986,2025-09-02 06:36:31,MACDC1.LOCAL (NIPR)
Rachel Ford,3504450882,2025-10-20 10:39:11,MACDC1.LOCAL (NIPR)
Leon Owens,0980714453,2025-09-08 06:04:19,DMZ-SERVERS (NIPR)
Alex Wallace,8350556933,2025-10-28 17:39:11,LAB.NET (DEV)
Jordan Reed,1595392105,2025-10-05 14:11:44,CORP.LOCAL (NIPR)
Isaac Sullivan,5671106557,2025-09-17 09:49:11,CORP.LOCAL (NIPR)
Derek Jennings,2260319345,2025-11-11 04:57:31,MACDC1.LOCAL (NIPR)
Henry Hayes,7279026941,2025-09-30 08:19:49,MACDC1.LOCAL (NIPR)
Laura Matthews,8950781676,2025-11-18 05:29:12,DMZ-SERVERS (NIPR)
Owen Hargrove,7799729187,2025-11-22 02:51:49,OPS.SIPR.LOCAL (SIPR)
Chloe Patel,3944847864,2025-11-25 06:14:35,OPS.SIPR.LOCAL (SIPR)
Shawn Reed,5182663954,2025-10-05 23:52:08,MACDC1.LOCAL (NIPR)
Emma Whitaker,1119664180,2025-10-03 09:22:45,OPS.SIPR.LOCAL (SIPR)
Logan Delaney,3876782379,2025-10-06 15:10:34,JWICS.DOMAIN (JWICS)
Katherine Reed,7367149931,2025-11-26 19:54:00,JWICS.DOMAIN (JWICS)
Ella West,6452093564,2025-11-11 11:52:53,CORP.LOCAL (NIPR)
Katie Hughes,4006160312,2025-09-24 21:51:31,LAB.NET (DEV)
Michelle Turner,9858222637,2025-11-04 15:23:45,MACDC1.LOCAL (NIPR)
Brian Hargrove,0453183700,2025-10-06 22:59:02,CORP.LOCAL (NIPR)
Katie Stewart,5404014604,2025-08-30 06:31:00,CORP.LOCAL (NIPR)
Jordan Grant,0397792686,2025-10-28 18:37:40,DMZ-SERVERS (NIPR)
Henry Holloway,2025449755,2025-10-23 10:08:35,LAB.NET (DEV)
Vanessa Matthews,1173438332,2025-08-31 15:20:33,MACDC1.LOCAL (NIPR)
Emma Delaney,0690194072,2025-11-03 07:47:50,MACDC1.LOCAL (NIPR)
Amelia McRae,5899474257,2025-09-28 13:24:45,LAB.NET (DEV)
Isaac Brooks,7918928410,2025-11-06 20:05:30,MACDC1.LOCAL (NIPR)
Trevor Lawrence,5991798612,2025-10-23 20:37:12,LAB.NET (DEV)
Maria Reeves,2516385893,2025-09-17 06:34:05,MACDC1.LOCAL (NIPR)
Katherine Tate,9891956137,2025-09-30 20:04:48,OPS.SIPR.LOCAL (SIPR)
Elijah Hughes,4672041839,2025-10-26 13:17:16,JWICS.DOMAIN (JWICS)
Ava Riley,6972190425,2025-11-13 23:36:01,LAB.NET (DEV)
Ryan Rowe,3927094905,2025-09-23 01:34:45,LAB.NET (DEV)
Trevor Delaney,6778089506,2025-10-25 04:04:56,MACDC1.LOCAL (NIPR)
Katherine Reeves,3846243990,2025-10-05 09:53:36,CORP.LOCAL (NIPR)
Leon Jameson,3598686355,2025-10-03 13:45:53,CORP.LOCAL (NIPR)
Isaac Matthews,0135633375,2025-11-10 22:18:33,CORP.LOCAL (NIPR)
Liam Carter,2290426160,2025-10-16 03:23:55,LAB.NET (DEV)
Mason Matthews,8092061498,2025-11-05 05:04:07,CORP.LOCAL (NIPR)
Erica Ford,2935662217,2025-11-07 01:13:41,JWICS.DOMAIN (JWICS)
Phillip Jenkins,6598330048,2025-09-08 09:51:36,TRAINING.LOCAL (NIPR)
Sydney Brooks,4147589509,2025-11-20 13:01:52,MACDC1.LOCAL (NIPR)
Vanessa Walker,1423202317,2025-10-03 15:27:10,JWICS.DOMAIN (JWICS)
Emily Hill,2517876073,2025-09-17 21:08:30,JWICS.DOMAIN (JWICS)
Isaac Rowe,1142461538,2025-10-17 06:25:54,TRAINING.LOCAL (NIPR)
Ella Hargrove,0716289534,2025-10-12 09:37:42,TRAINING.LOCAL (NIPR)
Erica Patel,6692060675,2025-09-11 18:51:43,TRAINING.LOCAL (NIPR)
Ryan Alvarez,7100876774,2025-09-23 07:27:56,JWICS.DOMAIN (JWICS)
Liam Martin,2576031120,2025-08-30 11:35:34,TRAINING.LOCAL (NIPR)
Elijah Tate,7698824731,2025-09-17 09:51:59,CORP.LOCAL (NIPR)
Phillip Wallace,1186678193,2025-08-31 06:57:31,TRAINING.LOCAL (NIPR)
Logan Owens,0038570803,2025-11-21 11:27:00,OPS.SIPR.LOCAL (SIPR)
Cameron Jameson,0351151150,2025-11-14 00:26:07,CORP.LOCAL (NIPR)
Alex Hayes,7039521648,2025-11-16 23:59:37,OPS.SIPR.LOCAL (SIPR)
Cameron Everett,1485190196,2025-09-06 00:33:24,CORP.LOCAL (NIPR)
Shawn Freeman,2997539573,2025-09-29 19:49:32,MACDC1.LOCAL (NIPR)
Daniel Tate,9080217913,2025-10-19 23:37:52,JWICS.DOMAIN (JWICS)
Maria West,5565828013,2025-10-15 04:53:29,OPS.SIPR.LOCAL (SIPR)
Sierra Brooks,0831749129,2025-11-04 23:32:07,MACDC1.LOCAL (NIPR)
Cameron Reeves,2452047289,2025-10-11 12:50:48,TRAINING.LOCAL (NIPR)
Shawn Carter,4355200979,2025-10-02 19:45:06,LAB.NET (DEV)
Liam Price,9039721997,2025-09-07 11:10:09,TRAINING.LOCAL (NIPR)
Tanya Holloway,4969665112,2025-10-06 03:11:30,TRAINING.LOCAL (NIPR)
Liam Turner,1988291629,2025-09-30 01:32:17,JWICS.DOMAIN (JWICS)
Victor Hill,4764466190,2025-09-21 03:29:47,DMZ-SERVERS (NIPR)
Harper Jameson,8543489745,2025-11-01 08:27:30,LAB.NET (DEV)
Rachel Owens,2867112131,2025-11-20 07:25:07,TRAINING.LOCAL (NIPR)
Harper Freeman,4749503249,2025-11-13 20:14:26,MACDC1.LOCAL (NIPR)
Rachel Freeman,0993224082,2025-11-26 04:35:47,JWICS.DOMAIN (JWICS)
Katie Monroe,3518387041,2025-11-02 22:21:22,TRAINING.LOCAL (NIPR)
Derek Carter,7376584745,2025-09-29 09:42:25,DMZ-SERVERS (NIPR)
Erica Hill,6931707955,2025-11-09 14:11:52,TRAINING.LOCAL (NIPR)
Victor Rowe,2309137798,2025-10-24 17:11:27,LAB.NET (DEV)
Ethan Jameson,6283652928,2025-11-09 02:21:05,JWICS.DOMAIN (JWICS)
Henry Holloway,8026661408,2025-09-08 12:15:40,TRAINING.LOCAL (NIPR)
Emma Blake,4813448442,2025-09-22 23:49:25,OPS.SIPR.LOCAL (SIPR)
Emily Ramirez,9248690427,2025-11-12 20:02:45,LAB.NET (DEV)
Elijah Brooks,0677513129,2025-09-27 17:48:23,CORP.LOCAL (NIPR)
Liam Matthews,0014332692,2025-11-25 17:44:11,OPS.SIPR.LOCAL (SIPR)
Samuel Burton,1541274585,2025-10-18 20:25:46,JWICS.DOMAIN (JWICS)
Alyssa Howard,4684288047,2025-11-01 00:06:26,CORP.LOCAL (NIPR)
Ethan Everett,5518977968,2025-11-10 05:46:38,CORP.LOCAL (NIPR)
Erica West,3214041405,2025-10-13 16:25:29,OPS.SIPR.LOCAL (SIPR)
Logan Parker,0817209235,2025-09-25 09:08:35,DMZ-SERVERS (NIPR)
Amelia Whitaker,6804573501,2025-09-05 23:19:34,MACDC1.LOCAL (NIPR)
Alex Sullivan,9572550584,2025-10-16 21:07:03,JWICS.DOMAIN (JWICS)
Tanya Brooks,7779661960,2025-09-22 04:34:03,CORP.LOCAL (NIPR)
Jacob Foster,6391982963,2025-10-12 01:14:37,DMZ-SERVERS (NIPR)
Ava Ramirez,9586560065,2025-09-07 07:16:31,JWICS.DOMAIN (JWICS)
Brianna McRae,7771077534,2025-09-14 17:53:45,OPS.SIPR.LOCAL (SIPR)
Gabrielle Kirk,2366737670,2025-09-23 02:54:54,OPS.SIPR.LOCAL (SIPR)
Owen Jenkins,7028492850,2025-09-10 19:31:46,MACDC1.LOCAL (NIPR)
Jordan Martin,1360969542,2025-11-20 15:18:45,DMZ-SERVERS (NIPR)
Sierra Sharp,5928199287,2025-11-03 04:59:52,LAB.NET (DEV)
Ethan McRae,8492582911,2025-10-21 10:52:09,MACDC1.LOCAL (NIPR)
Laura Rowe,8885889250,2025-11-26 12:00:56,MACDC1.LOCAL (NIPR)
Gabrielle Blake,3308884389,2025-10-28 12:45:12,CORP.LOCAL (NIPR)
Brian Collins,9480035234,2025-11-21 14:54:56,CORP.LOCAL (NIPR)
Shawn Gibson,0703119453,2025-09-18 02:10:23,DMZ-SERVERS (NIPR)
Logan Ellison,4510831727,2025-11-11 01:39:33,LAB.NET (DEV)
Zachary Ford,2198357811,2025-10-09 01:36:02,OPS.SIPR.LOCAL (SIPR)
Amelia Ellison,7593927555,2025-09-26 02:18:37,OPS.SIPR.LOCAL (SIPR)
Jessica Price,5502948186,2025-08-29 11:05:44,CORP.LOCAL (NIPR)
Marcus Howard,2347109413,2025-09-19 01:16:03,MACDC1.LOCAL (NIPR)
Alyssa Donovan,5329515116,2025-09-13 09:42:03,JWICS.DOMAIN (JWICS)
Connor Hayes,8231503180,2025-09-30 15:01:40,DMZ-SERVERS (NIPR)
Laura Patel,9609913212,2025-10-04 00:16:08,MACDC1.LOCAL (NIPR)
Allison Bennett,8022615050,2025-11-16 15:23:28,MACDC1.LOCAL (NIPR)
Laura Freeman,9310659184,2025-11-25 20:41:40,DMZ-SERVERS (NIPR)
Jessica Holmes,9987030870,2025-10-10 18:49:30,JWICS.DOMAIN (JWICS)
Olivia Hayes,2378298324,2025-09-08 12:25:11,MACDC1.LOCAL (NIPR)
Tyler Fisher,2797071335,2025-11-22 18:49:59,MACDC1.LOCAL (NIPR)
Jenna Riley,2708752366,2025-11-19 01:47:36,TRAINING.LOCAL (NIPR)
Daniel Blake,3182569274,2025-09-06 00:07:01,LAB.NET (DEV)
Sierra Bennett,9474503576,2025-11-26 10:10:01,DMZ-SERVERS (NIPR)
Kayla Grant,7485237703,2025-09-13 05:07:39,CORP.LOCAL (NIPR)
Olivia Delaney,2536588316,2025-09-16 04:27:18,LAB.NET (DEV)
Steven Sanchez,3693039298,2025-10-03 08:51:16,MACDC1.LOCAL (NIPR)
Kayla Fisher,5712325307,2025-08-30 05:32:23,MACDC1.LOCAL (NIPR)
Ava Patton,3097747031,2025-10-06 03:55:53,OPS.SIPR.LOCAL (SIPR)
Olivia Blake,8297874627,2025-09-12 21:37:34,CORP.LOCAL (NIPR)
Patrick Hayes,1795477413,2025-08-28 21:24:51,LAB.NET (DEV)
Daniel Patton,7666127558,2025-10-20 21:47:14,MACDC1.LOCAL (NIPR)
Ryan Sharp,8183577244,2025-10-25 13:47:14,TRAINING.LOCAL (NIPR)
Gabrielle Holmes,0215146923,2025-11-03 01:09:23,LAB.NET (DEV)
Ella Turner,7722654049,2025-11-14 05:59:11,LAB.NET (DEV)
Brian Burton,2897264171,2025-10-24 07:35:26,MACDC1.LOCAL (NIPR)
Daniel Barnes,6006086510,2025-11-16 09:19:21,OPS.SIPR.LOCAL (SIPR)
Patrick Sharp,5679614139,2025-11-19 17:17:13,DMZ-SERVERS (NIPR)
Katherine Howard,4444948562,2025-11-03 10:10:21,OPS.SIPR.LOCAL (SIPR)
Tanya Barnes,6316878105,2025-11-15 23:04:23,CORP.LOCAL (NIPR)
Michelle Hayes,0419660521,2025-09-23 18:53:05,LAB.NET (DEV)
Daniel Grant,7078060971,2025-10-07 22:51:52,OPS.SIPR.LOCAL (SIPR)
Hailey Holloway,0071272019,2025-09-22 18:56:16,CORP.LOCAL (NIPR)
Steven Reed,7772053427,2025-09-25 22:52:25,CORP.LOCAL (NIPR)
Rachel Hughes,1540952903,2025-10-22 20:00:14,TRAINING.LOCAL (NIPR)
Katie Reeves,1149361159,2025-10-19 02:44:45,LAB.NET (DEV)
Natalie Brooks,5901537151,2025-10-15 06:57:18,DMZ-SERVERS (NIPR)
Sierra Burton,6699051206,2025-10-02 20:13:53,LAB.NET (DEV)
Zachary Hughes,6442194659,2025-11-01 16:06:22,DMZ-SERVERS (NIPR)
Amelia Reeves,7480378761,2025-10-04 21:11:53,JWICS.DOMAIN (JWICS)
Trevor Thompson,7080169592,2025-09-17 08:03:42,LAB.NET (DEV)
Patrick Grant,8936151387,2025-11-20 03:29:16,MACDC1.LOCAL (NIPR)
Henry Owens,9266329626,2025-10-05 18:16:33,CORP.LOCAL (NIPR)
Alex Parker,8314801154,2025-10-16 13:36:11,LAB.NET (DEV)
Katherine Freeman,1554889873,2025-09-28 21:39:33,CORP.LOCAL (NIPR)
Sophia Rowe,0039038996,2025-10-03 16:34:37,DMZ-SERVERS (NIPR)
Liam Wallace,8999213337,2025-09-19 02:55:41,MACDC1.LOCAL (NIPR)
Michael Reed,1708779459,2025-09-18 18:30:06,JWICS.DOMAIN (JWICS)
Olivia Burton,0117943420,2025-10-07 13:28:09,CORP.LOCAL (NIPR)
Elijah Turner,4006746431,2025-09-01 04:17:26,LAB.NET (DEV)
Victor Patton,8691928763,2025-10-19 21:59:17,TRAINING.LOCAL (NIPR)
Connor Reeves,2162398181,2025-09-29 06:07:09,JWICS.DOMAIN (JWICS)
James Fisher,5127782716,2025-09-28 06:26:32,TRAINING.LOCAL (NIPR)
Michelle Jenkins,2264859881,2025-10-02 19:05:17,JWICS.DOMAIN (JWICS)
Henry Douglas,8145461690,2025-10-21 00:50:12,LAB.NET (DEV)
Laura McRae,4978935505,2025-09-23 01:19:14,LAB.NET (DEV)
Isaac West,6476353186,2025-09-24 21:41:03,DMZ-SERVERS (NIPR)
Harper Brooks,2996559246,2025-09-20 14:40:37,CORP.LOCAL (NIPR)
Hailey Patel,8694235226,2025-11-18 10:36:07,MACDC1.LOCAL (NIPR)
Michael McRae,9109188020,2025-11-25 17:22:23,CORP.LOCAL (NIPR)
Patrick Blake,5111376163,2025-09-11 06:38:56,TRAINING.LOCAL (NIPR)
Noah Martin,3640821563,2025-09-19 17:29:03,CORP.LOCAL (NIPR)
Brian Walker,3385373290,2025-09-17 04:09:22,TRAINING.LOCAL (NIPR)
Noah Hill,6481248280,2025-11-02 03:25:51,LAB.NET (DEV)
Ella Harper,6275561866,2025-11-21 23:31:33,LAB.NET (DEV)
Tanya Alvarez,1328241689,2025-09-04 19:27:08,MACDC1.LOCAL (NIPR)
Vanessa Dalton,2483573810,2025-09-13 12:17:17,JWICS.DOMAIN (JWICS)
Olivia Jameson,5039016129,2025-08-30 15:36:57,CORP.LOCAL (NIPR)
Vanessa Martin,9900097028,2025-09-04 22:57:10,TRAINING.LOCAL (NIPR)
Patrick Ellison,4477481231,2025-11-23 01:07:05,MACDC1.LOCAL (NIPR)
Katie Sanchez,4886543356,2025-09-25 00:07:00,JWICS.DOMAIN (JWICS)
Allison Jameson,3812520323,2025-09-03 20:05:03,MACDC1.LOCAL (NIPR)
Jordan Donovan,9907744831,2025-10-20 07:38:34,DMZ-SERVERS (NIPR)
Emma Ford,0797108393,2025-10-24 08:56:32,MACDC1.LOCAL (NIPR)
Samuel Turner,3830172107,2025-09-14 06:54:17,JWICS.DOMAIN (JWICS)
Brianna Parker,5757100654,2025-09-11 03:25:03,TRAINING.LOCAL (NIPR)
Marcus West,3739275813,2025-10-26 08:51:07,DMZ-SERVERS (NIPR)
Noah Hill,9059248054,2025-10-06 16:38:26,TRAINING.LOCAL (NIPR)
Gabrielle Monroe,2411979155,2025-09-24 05:48:10,JWICS.DOMAIN (JWICS)
Erica Hill,8830254951,2025-09-09 07:12:22,DMZ-SERVERS (NIPR)
Elijah Price,6806292156,2025-10-28 01:19:24,TRAINING.LOCAL (NIPR)
Shawn Lawrence,3896638093,2025-11-14 08:27:54,JWICS.DOMAIN (JWICS)
Ryan Reed,3061679267,2025-11-06 17:55:19,LAB.NET (DEV)
Leon Sharp,9728777433,2025-10-18 05:29:37,OPS.SIPR.LOCAL (SIPR)
Logan Kirk,6538001724,2025-09-22 18:13:18,MACDC1.LOCAL (NIPR)
Alyssa Reed,0615995979,2025-11-15 07:46:38,CORP.LOCAL (NIPR)
Ethan Lawrence,1747060233,2025-11-26 15:34:10,TRAINING.LOCAL (NIPR)
Kayla Howard,8270928746,2025-10-13 15:58:31,DMZ-SERVERS (NIPR)
Patrick McMullen, 1398777145, 2025-12-12 15:59:31, OPS.SIPR.Local (SIPR)


